Username,Star Wars: The Force Awakens (2015),Mad Max: Fury Road (2015),Deadpool (2016),The Martian (2015),Avengers: Age of Ultron (2015),The Revenant (2015),Batman v Superman: Dawn of Justice (2016),Jurassic World (2015),Inside Out (2015),Captain America: Civil War (2016),Suicide Squad (2016),Ant-Man (2015),The Hateful Eight (2015),Spectre (2015),Furious 7 (2015),Arrival (II) (2016),Zootopia (2016),Stranger Things (2016),Star Wars Rogue One (2016),X-Men: Apocalypse (2016)
ricardo.atsouza@gmail.com,10.000000000000002,10.000000000000002,10.0,10.000000000000002,10.000000000000004,10.0,10.0,10.000000000000002,10.000000000000002,10.000000000000002,10.000000000000002,10.0,10.000000000000002,10.0,10.0,10.000000000000002,10.000000000000002,10.000000000000002,10.000000000000002,10.0
Test@test.com,5.645282837770393,5.587597770361918,5.693832183040673,5.554483729930867,5.7537701540661645,5.693832183040673,5.693832183040673,5.670558241964054,5.670558241964054,5.670558241964054,5.645282837770393,5.6177361942557615,5.587597770361918,5.693832183040673,5.693832183040673,5.645282837770393,5.645282837770393,5.554483729930867,5.73525683009631,5.693832183040673
