Username,Star Wars: The Force Awakens (2015),Mad Max: Fury Road (2015),Deadpool (2016),The Martian (2015),Avengers: Age of Ultron (2015),The Revenant (2015),Batman v Superman: Dawn of Justice (2016),Jurassic World (2015),Inside Out (2015),Captain America: Civil War (2016),Suicide Squad (2016),Ant-Man (2015),The Hateful Eight (2015),Spectre (2015),Furious 7 (2015),Arrival (II) (2016),Zootopia (2016),Stranger Things (2016),Star Wars Rogue One (2016),X-Men: Apocalypse (2016)
Test@test.com,5.582939057387193,5.533067614423819,5.690449686399156,5.549273154595145,5.775390456349142,5.73614823432853,5.7750801321987915,5.766112144302428,5.826207329068148,5.803288760485114,5.699717443240029,5.577272474703976,5.565539192458333,5.677255293730484,5.718330574255419,5.686899294775943,5.599385584680465,5.530195853961069,5.659864612372093,5.71350664897232
user1@gmail.com,4.777973954386997,4.852900986684931,4.729250405418769,4.929692939590741,4.523510471060577,4.618586775590684,4.761599813940988,4.453100962910149,4.285872812539843,4.2913209506572185,4.66594225689736,4.769309421922132,4.775831270591394,4.661166277688162,4.7108971705322595,4.924016729058108,4.8230639997467355,4.653408858633557,4.762364838435291,4.599370282848475
user2@gmail.com,4.271100760091672,4.430882621573932,4.076205365668286,4.368166896270764,4.192498534903047,4.183860697613869,4.315678150370886,4.23602058122144,3.886093925551443,3.8860360052686804,4.316708897438273,4.310192691459174,4.306482273363144,4.26291118217658,4.209641218971929,4.608601322878683,4.418535728232553,4.400986093843398,4.41732894085103,4.273432144977521
user3@gmail.com,6.201412376227746,6.133885523497496,6.236493606355556,6.163948662544449,6.109571570029626,6.1343002344166715,5.980566004883292,6.15022100673267,6.3495969740363245,6.374834378272791,6.0632241973291086,6.181156982047988,6.195760795067516,6.153094541173649,6.148227951879252,5.831772984084543,6.081093236838352,6.201553538287707,6.047652938894168,6.131125550329308
user5@gmail.com,1.9421460424682533,2.052311542388268,1.9004406204913344,2.1289396059476147,1.943799902507464,1.9415932606553472,2.1441266589718024,2.085069173789274,1.8002449359921724,1.7917911610695556,1.9877563861074792,1.9536853600792343,1.9485836097598246,2.0292562803714156,2.092732405588063,2.30542090086116,2.091796694855494,1.9490664170647762,2.167590711298912,2.0716493346536895
